﻿<?xml version="1.0"?>
<doc>
<assembly>
<name>
aplicacionEventos
</name>
</assembly>
<members>
<member name="T:aplicacionEventos.ProduccionesYEventosDataSet4.AvisoEventoDataTable">
	<summary>
Represents the strongly named DataTable class.
</summary>
</member><member name="T:aplicacionEventos.ProduccionesYEventosDataSet4.ClientesDataTable">
	<summary>
Represents the strongly named DataTable class.
</summary>
</member><member name="T:aplicacionEventos.ProduccionesYEventosDataSet4.EmpleadosDataTable">
	<summary>
Represents the strongly named DataTable class.
</summary>
</member><member name="T:aplicacionEventos.ProduccionesYEventosDataSet4.EquiposIluminacionSonidoDataTable">
	<summary>
Represents the strongly named DataTable class.
</summary>
</member><member name="T:aplicacionEventos.ProduccionesYEventosDataSet4.EstadisticaAnualDataTable">
	<summary>
Represents the strongly named DataTable class.
</summary>
</member><member name="T:aplicacionEventos.ProduccionesYEventosDataSet4.EstadisticaMesDataTable">
	<summary>
Represents the strongly named DataTable class.
</summary>
</member><member name="T:aplicacionEventos.ProduccionesYEventosDataSet4.EventosDataTable">
	<summary>
Represents the strongly named DataTable class.
</summary>
</member><member name="T:aplicacionEventos.ProduccionesYEventosDataSet4.EventosAdeudadosDataTable">
	<summary>
Represents the strongly named DataTable class.
</summary>
</member><member name="T:aplicacionEventos.ProduccionesYEventosDataSet4.EventosCobradosDataTable">
	<summary>
Represents the strongly named DataTable class.
</summary>
</member><member name="T:aplicacionEventos.ProduccionesYEventosDataSet4.ProductosDataTable">
	<summary>
Represents the strongly named DataTable class.
</summary>
</member><member name="T:aplicacionEventos.ProduccionesYEventosDataSet4.SalonAsociadoDataTable">
	<summary>
Represents the strongly named DataTable class.
</summary>
</member><member name="T:aplicacionEventos.ProduccionesYEventosDataSet4.UsuariosDataTable">
	<summary>
Represents the strongly named DataTable class.
</summary>
</member><member name="T:aplicacionEventos.ProduccionesYEventosDataSet4.AvisoEventoRow">
	<summary>
Represents strongly named DataRow class.
</summary>
</member><member name="T:aplicacionEventos.ProduccionesYEventosDataSet4.ClientesRow">
	<summary>
Represents strongly named DataRow class.
</summary>
</member><member name="T:aplicacionEventos.ProduccionesYEventosDataSet4.EmpleadosRow">
	<summary>
Represents strongly named DataRow class.
</summary>
</member><member name="T:aplicacionEventos.ProduccionesYEventosDataSet4.EquiposIluminacionSonidoRow">
	<summary>
Represents strongly named DataRow class.
</summary>
</member><member name="T:aplicacionEventos.ProduccionesYEventosDataSet4.EstadisticaAnualRow">
	<summary>
Represents strongly named DataRow class.
</summary>
</member><member name="T:aplicacionEventos.ProduccionesYEventosDataSet4.EstadisticaMesRow">
	<summary>
Represents strongly named DataRow class.
</summary>
</member><member name="T:aplicacionEventos.ProduccionesYEventosDataSet4.EventosRow">
	<summary>
Represents strongly named DataRow class.
</summary>
</member><member name="T:aplicacionEventos.ProduccionesYEventosDataSet4.EventosAdeudadosRow">
	<summary>
Represents strongly named DataRow class.
</summary>
</member><member name="T:aplicacionEventos.ProduccionesYEventosDataSet4.EventosCobradosRow">
	<summary>
Represents strongly named DataRow class.
</summary>
</member><member name="T:aplicacionEventos.ProduccionesYEventosDataSet4.ProductosRow">
	<summary>
Represents strongly named DataRow class.
</summary>
</member><member name="T:aplicacionEventos.ProduccionesYEventosDataSet4.SalonAsociadoRow">
	<summary>
Represents strongly named DataRow class.
</summary>
</member><member name="T:aplicacionEventos.ProduccionesYEventosDataSet4.UsuariosRow">
	<summary>
Represents strongly named DataRow class.
</summary>
</member><member name="T:aplicacionEventos.ProduccionesYEventosDataSet4.AvisoEventoRowChangeEvent">
	<summary>
Row event argument class
</summary>
</member><member name="T:aplicacionEventos.ProduccionesYEventosDataSet4.ClientesRowChangeEvent">
	<summary>
Row event argument class
</summary>
</member><member name="T:aplicacionEventos.ProduccionesYEventosDataSet4.EmpleadosRowChangeEvent">
	<summary>
Row event argument class
</summary>
</member><member name="T:aplicacionEventos.ProduccionesYEventosDataSet4.EquiposIluminacionSonidoRowChangeEvent">
	<summary>
Row event argument class
</summary>
</member><member name="T:aplicacionEventos.ProduccionesYEventosDataSet4.EstadisticaAnualRowChangeEvent">
	<summary>
Row event argument class
</summary>
</member><member name="T:aplicacionEventos.ProduccionesYEventosDataSet4.EstadisticaMesRowChangeEvent">
	<summary>
Row event argument class
</summary>
</member><member name="T:aplicacionEventos.ProduccionesYEventosDataSet4.EventosRowChangeEvent">
	<summary>
Row event argument class
</summary>
</member><member name="T:aplicacionEventos.ProduccionesYEventosDataSet4.EventosAdeudadosRowChangeEvent">
	<summary>
Row event argument class
</summary>
</member><member name="T:aplicacionEventos.ProduccionesYEventosDataSet4.EventosCobradosRowChangeEvent">
	<summary>
Row event argument class
</summary>
</member><member name="T:aplicacionEventos.ProduccionesYEventosDataSet4.ProductosRowChangeEvent">
	<summary>
Row event argument class
</summary>
</member><member name="T:aplicacionEventos.ProduccionesYEventosDataSet4.SalonAsociadoRowChangeEvent">
	<summary>
Row event argument class
</summary>
</member><member name="T:aplicacionEventos.ProduccionesYEventosDataSet4.UsuariosRowChangeEvent">
	<summary>
Row event argument class
</summary>
</member><member name="T:aplicacionEventos.ProduccionesYEventosDataSet4">
	<summary>
Represents a strongly typed in-memory cache of data.
</summary>
</member><member name="T:aplicacionEventos.ProduccionesYEventosDataSet4TableAdapters.AvisoEventoTableAdapter">
	<summary>
Represents the connection and commands used to retrieve and save data.
</summary>
</member><member name="T:aplicacionEventos.ProduccionesYEventosDataSet4TableAdapters.ClientesTableAdapter">
	<summary>
Represents the connection and commands used to retrieve and save data.
</summary>
</member><member name="T:aplicacionEventos.ProduccionesYEventosDataSet4TableAdapters.EmpleadosTableAdapter">
	<summary>
Represents the connection and commands used to retrieve and save data.
</summary>
</member><member name="T:aplicacionEventos.ProduccionesYEventosDataSet4TableAdapters.EquiposIluminacionSonidoTableAdapter">
	<summary>
Represents the connection and commands used to retrieve and save data.
</summary>
</member><member name="T:aplicacionEventos.ProduccionesYEventosDataSet4TableAdapters.EstadisticaAnualTableAdapter">
	<summary>
Represents the connection and commands used to retrieve and save data.
</summary>
</member><member name="T:aplicacionEventos.ProduccionesYEventosDataSet4TableAdapters.EstadisticaMesTableAdapter">
	<summary>
Represents the connection and commands used to retrieve and save data.
</summary>
</member><member name="T:aplicacionEventos.ProduccionesYEventosDataSet4TableAdapters.EventosTableAdapter">
	<summary>
Represents the connection and commands used to retrieve and save data.
</summary>
</member><member name="T:aplicacionEventos.ProduccionesYEventosDataSet4TableAdapters.EventosAdeudadosTableAdapter">
	<summary>
Represents the connection and commands used to retrieve and save data.
</summary>
</member><member name="T:aplicacionEventos.ProduccionesYEventosDataSet4TableAdapters.EventosCobradosTableAdapter">
	<summary>
Represents the connection and commands used to retrieve and save data.
</summary>
</member><member name="T:aplicacionEventos.ProduccionesYEventosDataSet4TableAdapters.ProductosTableAdapter">
	<summary>
Represents the connection and commands used to retrieve and save data.
</summary>
</member><member name="T:aplicacionEventos.ProduccionesYEventosDataSet4TableAdapters.SalonAsociadoTableAdapter">
	<summary>
Represents the connection and commands used to retrieve and save data.
</summary>
</member><member name="T:aplicacionEventos.ProduccionesYEventosDataSet4TableAdapters.UsuariosTableAdapter">
	<summary>
Represents the connection and commands used to retrieve and save data.
</summary>
</member><member name="M:aplicacionEventos.ProduccionesYEventosDataSet4TableAdapters.TableAdapterManager.UpdateUpdatedRows(aplicacionEventos.ProduccionesYEventosDataSet4,System.Collections.Generic.List{System.Data.DataRow},System.Collections.Generic.List{System.Data.DataRow})">
	<summary>
Update rows in top-down order.
</summary>
</member><member name="M:aplicacionEventos.ProduccionesYEventosDataSet4TableAdapters.TableAdapterManager.UpdateInsertedRows(aplicacionEventos.ProduccionesYEventosDataSet4,System.Collections.Generic.List{System.Data.DataRow})">
	<summary>
Insert rows in top-down order.
</summary>
</member><member name="M:aplicacionEventos.ProduccionesYEventosDataSet4TableAdapters.TableAdapterManager.UpdateDeletedRows(aplicacionEventos.ProduccionesYEventosDataSet4,System.Collections.Generic.List{System.Data.DataRow})">
	<summary>
Delete rows in bottom-up order.
</summary>
</member><member name="M:aplicacionEventos.ProduccionesYEventosDataSet4TableAdapters.TableAdapterManager.GetRealUpdatedRows(System.Data.DataRow[],System.Collections.Generic.List{System.Data.DataRow})">
	<summary>
Remove inserted rows that become updated rows after calling TableAdapter.Update(inserted rows) first
</summary>
</member><member name="M:aplicacionEventos.ProduccionesYEventosDataSet4TableAdapters.TableAdapterManager.UpdateAll(aplicacionEventos.ProduccionesYEventosDataSet4)">
	<summary>
Update all changes to the dataset.
</summary>
</member><member name="T:aplicacionEventos.ProduccionesYEventosDataSet4TableAdapters.TableAdapterManager.UpdateOrderOption">
	<summary>
Update Order Option
</summary>
</member><member name="T:aplicacionEventos.ProduccionesYEventosDataSet4TableAdapters.TableAdapterManager.SelfReferenceComparer">
	<summary>
Used to sort self-referenced table's rows
</summary>
</member><member name="T:aplicacionEventos.ProduccionesYEventosDataSet4TableAdapters.TableAdapterManager">
	<summary>
TableAdapterManager is used to coordinate TableAdapters in the dataset to enable Hierarchical Update scenarios
</summary>
</member><member name="T:aplicacionEventos.ProduccionesYEventosDataSet3.AvisoEventoDataTable">
	<summary>
Represents the strongly named DataTable class.
</summary>
</member><member name="T:aplicacionEventos.ProduccionesYEventosDataSet3.ClientesDataTable">
	<summary>
Represents the strongly named DataTable class.
</summary>
</member><member name="T:aplicacionEventos.ProduccionesYEventosDataSet3.EmpleadosDataTable">
	<summary>
Represents the strongly named DataTable class.
</summary>
</member><member name="T:aplicacionEventos.ProduccionesYEventosDataSet3.EquiposIluminacionSonidoDataTable">
	<summary>
Represents the strongly named DataTable class.
</summary>
</member><member name="T:aplicacionEventos.ProduccionesYEventosDataSet3.EstadisticaAnualDataTable">
	<summary>
Represents the strongly named DataTable class.
</summary>
</member><member name="T:aplicacionEventos.ProduccionesYEventosDataSet3.EstadisticaMesDataTable">
	<summary>
Represents the strongly named DataTable class.
</summary>
</member><member name="T:aplicacionEventos.ProduccionesYEventosDataSet3.EventosDataTable">
	<summary>
Represents the strongly named DataTable class.
</summary>
</member><member name="T:aplicacionEventos.ProduccionesYEventosDataSet3.EventosAdeudadosDataTable">
	<summary>
Represents the strongly named DataTable class.
</summary>
</member><member name="T:aplicacionEventos.ProduccionesYEventosDataSet3.EventosCobradosDataTable">
	<summary>
Represents the strongly named DataTable class.
</summary>
</member><member name="T:aplicacionEventos.ProduccionesYEventosDataSet3.ProductosDataTable">
	<summary>
Represents the strongly named DataTable class.
</summary>
</member><member name="T:aplicacionEventos.ProduccionesYEventosDataSet3.SalonAsociadoDataTable">
	<summary>
Represents the strongly named DataTable class.
</summary>
</member><member name="T:aplicacionEventos.ProduccionesYEventosDataSet3.UsuariosDataTable">
	<summary>
Represents the strongly named DataTable class.
</summary>
</member><member name="T:aplicacionEventos.ProduccionesYEventosDataSet3.AvisoEventoRow">
	<summary>
Represents strongly named DataRow class.
</summary>
</member><member name="T:aplicacionEventos.ProduccionesYEventosDataSet3.ClientesRow">
	<summary>
Represents strongly named DataRow class.
</summary>
</member><member name="T:aplicacionEventos.ProduccionesYEventosDataSet3.EmpleadosRow">
	<summary>
Represents strongly named DataRow class.
</summary>
</member><member name="T:aplicacionEventos.ProduccionesYEventosDataSet3.EquiposIluminacionSonidoRow">
	<summary>
Represents strongly named DataRow class.
</summary>
</member><member name="T:aplicacionEventos.ProduccionesYEventosDataSet3.EstadisticaAnualRow">
	<summary>
Represents strongly named DataRow class.
</summary>
</member><member name="T:aplicacionEventos.ProduccionesYEventosDataSet3.EstadisticaMesRow">
	<summary>
Represents strongly named DataRow class.
</summary>
</member><member name="T:aplicacionEventos.ProduccionesYEventosDataSet3.EventosRow">
	<summary>
Represents strongly named DataRow class.
</summary>
</member><member name="T:aplicacionEventos.ProduccionesYEventosDataSet3.EventosAdeudadosRow">
	<summary>
Represents strongly named DataRow class.
</summary>
</member><member name="T:aplicacionEventos.ProduccionesYEventosDataSet3.EventosCobradosRow">
	<summary>
Represents strongly named DataRow class.
</summary>
</member><member name="T:aplicacionEventos.ProduccionesYEventosDataSet3.ProductosRow">
	<summary>
Represents strongly named DataRow class.
</summary>
</member><member name="T:aplicacionEventos.ProduccionesYEventosDataSet3.SalonAsociadoRow">
	<summary>
Represents strongly named DataRow class.
</summary>
</member><member name="T:aplicacionEventos.ProduccionesYEventosDataSet3.UsuariosRow">
	<summary>
Represents strongly named DataRow class.
</summary>
</member><member name="T:aplicacionEventos.ProduccionesYEventosDataSet3.AvisoEventoRowChangeEvent">
	<summary>
Row event argument class
</summary>
</member><member name="T:aplicacionEventos.ProduccionesYEventosDataSet3.ClientesRowChangeEvent">
	<summary>
Row event argument class
</summary>
</member><member name="T:aplicacionEventos.ProduccionesYEventosDataSet3.EmpleadosRowChangeEvent">
	<summary>
Row event argument class
</summary>
</member><member name="T:aplicacionEventos.ProduccionesYEventosDataSet3.EquiposIluminacionSonidoRowChangeEvent">
	<summary>
Row event argument class
</summary>
</member><member name="T:aplicacionEventos.ProduccionesYEventosDataSet3.EstadisticaAnualRowChangeEvent">
	<summary>
Row event argument class
</summary>
</member><member name="T:aplicacionEventos.ProduccionesYEventosDataSet3.EstadisticaMesRowChangeEvent">
	<summary>
Row event argument class
</summary>
</member><member name="T:aplicacionEventos.ProduccionesYEventosDataSet3.EventosRowChangeEvent">
	<summary>
Row event argument class
</summary>
</member><member name="T:aplicacionEventos.ProduccionesYEventosDataSet3.EventosAdeudadosRowChangeEvent">
	<summary>
Row event argument class
</summary>
</member><member name="T:aplicacionEventos.ProduccionesYEventosDataSet3.EventosCobradosRowChangeEvent">
	<summary>
Row event argument class
</summary>
</member><member name="T:aplicacionEventos.ProduccionesYEventosDataSet3.ProductosRowChangeEvent">
	<summary>
Row event argument class
</summary>
</member><member name="T:aplicacionEventos.ProduccionesYEventosDataSet3.SalonAsociadoRowChangeEvent">
	<summary>
Row event argument class
</summary>
</member><member name="T:aplicacionEventos.ProduccionesYEventosDataSet3.UsuariosRowChangeEvent">
	<summary>
Row event argument class
</summary>
</member><member name="T:aplicacionEventos.ProduccionesYEventosDataSet3">
	<summary>
Represents a strongly typed in-memory cache of data.
</summary>
</member><member name="T:aplicacionEventos.ProduccionesYEventosDataSet3TableAdapters.AvisoEventoTableAdapter">
	<summary>
Represents the connection and commands used to retrieve and save data.
</summary>
</member><member name="T:aplicacionEventos.ProduccionesYEventosDataSet3TableAdapters.ClientesTableAdapter">
	<summary>
Represents the connection and commands used to retrieve and save data.
</summary>
</member><member name="T:aplicacionEventos.ProduccionesYEventosDataSet3TableAdapters.EmpleadosTableAdapter">
	<summary>
Represents the connection and commands used to retrieve and save data.
</summary>
</member><member name="T:aplicacionEventos.ProduccionesYEventosDataSet3TableAdapters.EquiposIluminacionSonidoTableAdapter">
	<summary>
Represents the connection and commands used to retrieve and save data.
</summary>
</member><member name="T:aplicacionEventos.ProduccionesYEventosDataSet3TableAdapters.EstadisticaAnualTableAdapter">
	<summary>
Represents the connection and commands used to retrieve and save data.
</summary>
</member><member name="T:aplicacionEventos.ProduccionesYEventosDataSet3TableAdapters.EstadisticaMesTableAdapter">
	<summary>
Represents the connection and commands used to retrieve and save data.
</summary>
</member><member name="T:aplicacionEventos.ProduccionesYEventosDataSet3TableAdapters.EventosTableAdapter">
	<summary>
Represents the connection and commands used to retrieve and save data.
</summary>
</member><member name="T:aplicacionEventos.ProduccionesYEventosDataSet3TableAdapters.EventosAdeudadosTableAdapter">
	<summary>
Represents the connection and commands used to retrieve and save data.
</summary>
</member><member name="T:aplicacionEventos.ProduccionesYEventosDataSet3TableAdapters.EventosCobradosTableAdapter">
	<summary>
Represents the connection and commands used to retrieve and save data.
</summary>
</member><member name="T:aplicacionEventos.ProduccionesYEventosDataSet3TableAdapters.ProductosTableAdapter">
	<summary>
Represents the connection and commands used to retrieve and save data.
</summary>
</member><member name="T:aplicacionEventos.ProduccionesYEventosDataSet3TableAdapters.SalonAsociadoTableAdapter">
	<summary>
Represents the connection and commands used to retrieve and save data.
</summary>
</member><member name="T:aplicacionEventos.ProduccionesYEventosDataSet3TableAdapters.UsuariosTableAdapter">
	<summary>
Represents the connection and commands used to retrieve and save data.
</summary>
</member><member name="M:aplicacionEventos.ProduccionesYEventosDataSet3TableAdapters.TableAdapterManager.UpdateUpdatedRows(aplicacionEventos.ProduccionesYEventosDataSet3,System.Collections.Generic.List{System.Data.DataRow},System.Collections.Generic.List{System.Data.DataRow})">
	<summary>
Update rows in top-down order.
</summary>
</member><member name="M:aplicacionEventos.ProduccionesYEventosDataSet3TableAdapters.TableAdapterManager.UpdateInsertedRows(aplicacionEventos.ProduccionesYEventosDataSet3,System.Collections.Generic.List{System.Data.DataRow})">
	<summary>
Insert rows in top-down order.
</summary>
</member><member name="M:aplicacionEventos.ProduccionesYEventosDataSet3TableAdapters.TableAdapterManager.UpdateDeletedRows(aplicacionEventos.ProduccionesYEventosDataSet3,System.Collections.Generic.List{System.Data.DataRow})">
	<summary>
Delete rows in bottom-up order.
</summary>
</member><member name="M:aplicacionEventos.ProduccionesYEventosDataSet3TableAdapters.TableAdapterManager.GetRealUpdatedRows(System.Data.DataRow[],System.Collections.Generic.List{System.Data.DataRow})">
	<summary>
Remove inserted rows that become updated rows after calling TableAdapter.Update(inserted rows) first
</summary>
</member><member name="M:aplicacionEventos.ProduccionesYEventosDataSet3TableAdapters.TableAdapterManager.UpdateAll(aplicacionEventos.ProduccionesYEventosDataSet3)">
	<summary>
Update all changes to the dataset.
</summary>
</member><member name="T:aplicacionEventos.ProduccionesYEventosDataSet3TableAdapters.TableAdapterManager.UpdateOrderOption">
	<summary>
Update Order Option
</summary>
</member><member name="T:aplicacionEventos.ProduccionesYEventosDataSet3TableAdapters.TableAdapterManager.SelfReferenceComparer">
	<summary>
Used to sort self-referenced table's rows
</summary>
</member><member name="T:aplicacionEventos.ProduccionesYEventosDataSet3TableAdapters.TableAdapterManager">
	<summary>
TableAdapterManager is used to coordinate TableAdapters in the dataset to enable Hierarchical Update scenarios
</summary>
</member><member name="T:aplicacionEventos.ProduccionesYEventosDataSet2.AvisoEventoDataTable">
	<summary>
Represents the strongly named DataTable class.
</summary>
</member><member name="T:aplicacionEventos.ProduccionesYEventosDataSet2.ClientesDataTable">
	<summary>
Represents the strongly named DataTable class.
</summary>
</member><member name="T:aplicacionEventos.ProduccionesYEventosDataSet2.EmpleadosDataTable">
	<summary>
Represents the strongly named DataTable class.
</summary>
</member><member name="T:aplicacionEventos.ProduccionesYEventosDataSet2.EquiposIluminacionSonidoDataTable">
	<summary>
Represents the strongly named DataTable class.
</summary>
</member><member name="T:aplicacionEventos.ProduccionesYEventosDataSet2.EstadisticaAnualDataTable">
	<summary>
Represents the strongly named DataTable class.
</summary>
</member><member name="T:aplicacionEventos.ProduccionesYEventosDataSet2.EstadisticaMesDataTable">
	<summary>
Represents the strongly named DataTable class.
</summary>
</member><member name="T:aplicacionEventos.ProduccionesYEventosDataSet2.EventosDataTable">
	<summary>
Represents the strongly named DataTable class.
</summary>
</member><member name="T:aplicacionEventos.ProduccionesYEventosDataSet2.EventosAdeudadosDataTable">
	<summary>
Represents the strongly named DataTable class.
</summary>
</member><member name="T:aplicacionEventos.ProduccionesYEventosDataSet2.EventosCobradosDataTable">
	<summary>
Represents the strongly named DataTable class.
</summary>
</member><member name="T:aplicacionEventos.ProduccionesYEventosDataSet2.ProductosDataTable">
	<summary>
Represents the strongly named DataTable class.
</summary>
</member><member name="T:aplicacionEventos.ProduccionesYEventosDataSet2.SalonAsociadoDataTable">
	<summary>
Represents the strongly named DataTable class.
</summary>
</member><member name="T:aplicacionEventos.ProduccionesYEventosDataSet2.UsuariosDataTable">
	<summary>
Represents the strongly named DataTable class.
</summary>
</member><member name="T:aplicacionEventos.ProduccionesYEventosDataSet2.AvisoEventoRow">
	<summary>
Represents strongly named DataRow class.
</summary>
</member><member name="T:aplicacionEventos.ProduccionesYEventosDataSet2.ClientesRow">
	<summary>
Represents strongly named DataRow class.
</summary>
</member><member name="T:aplicacionEventos.ProduccionesYEventosDataSet2.EmpleadosRow">
	<summary>
Represents strongly named DataRow class.
</summary>
</member><member name="T:aplicacionEventos.ProduccionesYEventosDataSet2.EquiposIluminacionSonidoRow">
	<summary>
Represents strongly named DataRow class.
</summary>
</member><member name="T:aplicacionEventos.ProduccionesYEventosDataSet2.EstadisticaAnualRow">
	<summary>
Represents strongly named DataRow class.
</summary>
</member><member name="T:aplicacionEventos.ProduccionesYEventosDataSet2.EstadisticaMesRow">
	<summary>
Represents strongly named DataRow class.
</summary>
</member><member name="T:aplicacionEventos.ProduccionesYEventosDataSet2.EventosRow">
	<summary>
Represents strongly named DataRow class.
</summary>
</member><member name="T:aplicacionEventos.ProduccionesYEventosDataSet2.EventosAdeudadosRow">
	<summary>
Represents strongly named DataRow class.
</summary>
</member><member name="T:aplicacionEventos.ProduccionesYEventosDataSet2.EventosCobradosRow">
	<summary>
Represents strongly named DataRow class.
</summary>
</member><member name="T:aplicacionEventos.ProduccionesYEventosDataSet2.ProductosRow">
	<summary>
Represents strongly named DataRow class.
</summary>
</member><member name="T:aplicacionEventos.ProduccionesYEventosDataSet2.SalonAsociadoRow">
	<summary>
Represents strongly named DataRow class.
</summary>
</member><member name="T:aplicacionEventos.ProduccionesYEventosDataSet2.UsuariosRow">
	<summary>
Represents strongly named DataRow class.
</summary>
</member><member name="T:aplicacionEventos.ProduccionesYEventosDataSet2.AvisoEventoRowChangeEvent">
	<summary>
Row event argument class
</summary>
</member><member name="T:aplicacionEventos.ProduccionesYEventosDataSet2.ClientesRowChangeEvent">
	<summary>
Row event argument class
</summary>
</member><member name="T:aplicacionEventos.ProduccionesYEventosDataSet2.EmpleadosRowChangeEvent">
	<summary>
Row event argument class
</summary>
</member><member name="T:aplicacionEventos.ProduccionesYEventosDataSet2.EquiposIluminacionSonidoRowChangeEvent">
	<summary>
Row event argument class
</summary>
</member><member name="T:aplicacionEventos.ProduccionesYEventosDataSet2.EstadisticaAnualRowChangeEvent">
	<summary>
Row event argument class
</summary>
</member><member name="T:aplicacionEventos.ProduccionesYEventosDataSet2.EstadisticaMesRowChangeEvent">
	<summary>
Row event argument class
</summary>
</member><member name="T:aplicacionEventos.ProduccionesYEventosDataSet2.EventosRowChangeEvent">
	<summary>
Row event argument class
</summary>
</member><member name="T:aplicacionEventos.ProduccionesYEventosDataSet2.EventosAdeudadosRowChangeEvent">
	<summary>
Row event argument class
</summary>
</member><member name="T:aplicacionEventos.ProduccionesYEventosDataSet2.EventosCobradosRowChangeEvent">
	<summary>
Row event argument class
</summary>
</member><member name="T:aplicacionEventos.ProduccionesYEventosDataSet2.ProductosRowChangeEvent">
	<summary>
Row event argument class
</summary>
</member><member name="T:aplicacionEventos.ProduccionesYEventosDataSet2.SalonAsociadoRowChangeEvent">
	<summary>
Row event argument class
</summary>
</member><member name="T:aplicacionEventos.ProduccionesYEventosDataSet2.UsuariosRowChangeEvent">
	<summary>
Row event argument class
</summary>
</member><member name="T:aplicacionEventos.ProduccionesYEventosDataSet2">
	<summary>
Represents a strongly typed in-memory cache of data.
</summary>
</member><member name="T:aplicacionEventos.ProduccionesYEventosDataSet2TableAdapters.AvisoEventoTableAdapter">
	<summary>
Represents the connection and commands used to retrieve and save data.
</summary>
</member><member name="T:aplicacionEventos.ProduccionesYEventosDataSet2TableAdapters.ClientesTableAdapter">
	<summary>
Represents the connection and commands used to retrieve and save data.
</summary>
</member><member name="T:aplicacionEventos.ProduccionesYEventosDataSet2TableAdapters.EmpleadosTableAdapter">
	<summary>
Represents the connection and commands used to retrieve and save data.
</summary>
</member><member name="T:aplicacionEventos.ProduccionesYEventosDataSet2TableAdapters.EquiposIluminacionSonidoTableAdapter">
	<summary>
Represents the connection and commands used to retrieve and save data.
</summary>
</member><member name="T:aplicacionEventos.ProduccionesYEventosDataSet2TableAdapters.EstadisticaAnualTableAdapter">
	<summary>
Represents the connection and commands used to retrieve and save data.
</summary>
</member><member name="T:aplicacionEventos.ProduccionesYEventosDataSet2TableAdapters.EstadisticaMesTableAdapter">
	<summary>
Represents the connection and commands used to retrieve and save data.
</summary>
</member><member name="T:aplicacionEventos.ProduccionesYEventosDataSet2TableAdapters.EventosTableAdapter">
	<summary>
Represents the connection and commands used to retrieve and save data.
</summary>
</member><member name="T:aplicacionEventos.ProduccionesYEventosDataSet2TableAdapters.EventosAdeudadosTableAdapter">
	<summary>
Represents the connection and commands used to retrieve and save data.
</summary>
</member><member name="T:aplicacionEventos.ProduccionesYEventosDataSet2TableAdapters.EventosCobradosTableAdapter">
	<summary>
Represents the connection and commands used to retrieve and save data.
</summary>
</member><member name="T:aplicacionEventos.ProduccionesYEventosDataSet2TableAdapters.ProductosTableAdapter">
	<summary>
Represents the connection and commands used to retrieve and save data.
</summary>
</member><member name="T:aplicacionEventos.ProduccionesYEventosDataSet2TableAdapters.SalonAsociadoTableAdapter">
	<summary>
Represents the connection and commands used to retrieve and save data.
</summary>
</member><member name="T:aplicacionEventos.ProduccionesYEventosDataSet2TableAdapters.UsuariosTableAdapter">
	<summary>
Represents the connection and commands used to retrieve and save data.
</summary>
</member><member name="M:aplicacionEventos.ProduccionesYEventosDataSet2TableAdapters.TableAdapterManager.UpdateUpdatedRows(aplicacionEventos.ProduccionesYEventosDataSet2,System.Collections.Generic.List{System.Data.DataRow},System.Collections.Generic.List{System.Data.DataRow})">
	<summary>
Update rows in top-down order.
</summary>
</member><member name="M:aplicacionEventos.ProduccionesYEventosDataSet2TableAdapters.TableAdapterManager.UpdateInsertedRows(aplicacionEventos.ProduccionesYEventosDataSet2,System.Collections.Generic.List{System.Data.DataRow})">
	<summary>
Insert rows in top-down order.
</summary>
</member><member name="M:aplicacionEventos.ProduccionesYEventosDataSet2TableAdapters.TableAdapterManager.UpdateDeletedRows(aplicacionEventos.ProduccionesYEventosDataSet2,System.Collections.Generic.List{System.Data.DataRow})">
	<summary>
Delete rows in bottom-up order.
</summary>
</member><member name="M:aplicacionEventos.ProduccionesYEventosDataSet2TableAdapters.TableAdapterManager.GetRealUpdatedRows(System.Data.DataRow[],System.Collections.Generic.List{System.Data.DataRow})">
	<summary>
Remove inserted rows that become updated rows after calling TableAdapter.Update(inserted rows) first
</summary>
</member><member name="M:aplicacionEventos.ProduccionesYEventosDataSet2TableAdapters.TableAdapterManager.UpdateAll(aplicacionEventos.ProduccionesYEventosDataSet2)">
	<summary>
Update all changes to the dataset.
</summary>
</member><member name="T:aplicacionEventos.ProduccionesYEventosDataSet2TableAdapters.TableAdapterManager.UpdateOrderOption">
	<summary>
Update Order Option
</summary>
</member><member name="T:aplicacionEventos.ProduccionesYEventosDataSet2TableAdapters.TableAdapterManager.SelfReferenceComparer">
	<summary>
Used to sort self-referenced table's rows
</summary>
</member><member name="T:aplicacionEventos.ProduccionesYEventosDataSet2TableAdapters.TableAdapterManager">
	<summary>
TableAdapterManager is used to coordinate TableAdapters in the dataset to enable Hierarchical Update scenarios
</summary>
</member><member name="T:aplicacionEventos.ProduccionesYEventosDataSet.AvisoEventoDataTable">
	<summary>
Represents the strongly named DataTable class.
</summary>
</member><member name="T:aplicacionEventos.ProduccionesYEventosDataSet.ClientesDataTable">
	<summary>
Represents the strongly named DataTable class.
</summary>
</member><member name="T:aplicacionEventos.ProduccionesYEventosDataSet.EmpleadosDataTable">
	<summary>
Represents the strongly named DataTable class.
</summary>
</member><member name="T:aplicacionEventos.ProduccionesYEventosDataSet.EquiposIluminacionSonidoDataTable">
	<summary>
Represents the strongly named DataTable class.
</summary>
</member><member name="T:aplicacionEventos.ProduccionesYEventosDataSet.EstadisticaAnualDataTable">
	<summary>
Represents the strongly named DataTable class.
</summary>
</member><member name="T:aplicacionEventos.ProduccionesYEventosDataSet.EstadisticaMesDataTable">
	<summary>
Represents the strongly named DataTable class.
</summary>
</member><member name="T:aplicacionEventos.ProduccionesYEventosDataSet.EventosDataTable">
	<summary>
Represents the strongly named DataTable class.
</summary>
</member><member name="T:aplicacionEventos.ProduccionesYEventosDataSet.EventosAdeudadosDataTable">
	<summary>
Represents the strongly named DataTable class.
</summary>
</member><member name="T:aplicacionEventos.ProduccionesYEventosDataSet.EventosCobradosDataTable">
	<summary>
Represents the strongly named DataTable class.
</summary>
</member><member name="T:aplicacionEventos.ProduccionesYEventosDataSet.ProductosDataTable">
	<summary>
Represents the strongly named DataTable class.
</summary>
</member><member name="T:aplicacionEventos.ProduccionesYEventosDataSet.SalonAsociadoDataTable">
	<summary>
Represents the strongly named DataTable class.
</summary>
</member><member name="T:aplicacionEventos.ProduccionesYEventosDataSet.UsuariosDataTable">
	<summary>
Represents the strongly named DataTable class.
</summary>
</member><member name="T:aplicacionEventos.ProduccionesYEventosDataSet.AvisoEventoRow">
	<summary>
Represents strongly named DataRow class.
</summary>
</member><member name="T:aplicacionEventos.ProduccionesYEventosDataSet.ClientesRow">
	<summary>
Represents strongly named DataRow class.
</summary>
</member><member name="T:aplicacionEventos.ProduccionesYEventosDataSet.EmpleadosRow">
	<summary>
Represents strongly named DataRow class.
</summary>
</member><member name="T:aplicacionEventos.ProduccionesYEventosDataSet.EquiposIluminacionSonidoRow">
	<summary>
Represents strongly named DataRow class.
</summary>
</member><member name="T:aplicacionEventos.ProduccionesYEventosDataSet.EstadisticaAnualRow">
	<summary>
Represents strongly named DataRow class.
</summary>
</member><member name="T:aplicacionEventos.ProduccionesYEventosDataSet.EstadisticaMesRow">
	<summary>
Represents strongly named DataRow class.
</summary>
</member><member name="T:aplicacionEventos.ProduccionesYEventosDataSet.EventosRow">
	<summary>
Represents strongly named DataRow class.
</summary>
</member><member name="T:aplicacionEventos.ProduccionesYEventosDataSet.EventosAdeudadosRow">
	<summary>
Represents strongly named DataRow class.
</summary>
</member><member name="T:aplicacionEventos.ProduccionesYEventosDataSet.EventosCobradosRow">
	<summary>
Represents strongly named DataRow class.
</summary>
</member><member name="T:aplicacionEventos.ProduccionesYEventosDataSet.ProductosRow">
	<summary>
Represents strongly named DataRow class.
</summary>
</member><member name="T:aplicacionEventos.ProduccionesYEventosDataSet.SalonAsociadoRow">
	<summary>
Represents strongly named DataRow class.
</summary>
</member><member name="T:aplicacionEventos.ProduccionesYEventosDataSet.UsuariosRow">
	<summary>
Represents strongly named DataRow class.
</summary>
</member><member name="T:aplicacionEventos.ProduccionesYEventosDataSet.AvisoEventoRowChangeEvent">
	<summary>
Row event argument class
</summary>
</member><member name="T:aplicacionEventos.ProduccionesYEventosDataSet.ClientesRowChangeEvent">
	<summary>
Row event argument class
</summary>
</member><member name="T:aplicacionEventos.ProduccionesYEventosDataSet.EmpleadosRowChangeEvent">
	<summary>
Row event argument class
</summary>
</member><member name="T:aplicacionEventos.ProduccionesYEventosDataSet.EquiposIluminacionSonidoRowChangeEvent">
	<summary>
Row event argument class
</summary>
</member><member name="T:aplicacionEventos.ProduccionesYEventosDataSet.EstadisticaAnualRowChangeEvent">
	<summary>
Row event argument class
</summary>
</member><member name="T:aplicacionEventos.ProduccionesYEventosDataSet.EstadisticaMesRowChangeEvent">
	<summary>
Row event argument class
</summary>
</member><member name="T:aplicacionEventos.ProduccionesYEventosDataSet.EventosRowChangeEvent">
	<summary>
Row event argument class
</summary>
</member><member name="T:aplicacionEventos.ProduccionesYEventosDataSet.EventosAdeudadosRowChangeEvent">
	<summary>
Row event argument class
</summary>
</member><member name="T:aplicacionEventos.ProduccionesYEventosDataSet.EventosCobradosRowChangeEvent">
	<summary>
Row event argument class
</summary>
</member><member name="T:aplicacionEventos.ProduccionesYEventosDataSet.ProductosRowChangeEvent">
	<summary>
Row event argument class
</summary>
</member><member name="T:aplicacionEventos.ProduccionesYEventosDataSet.SalonAsociadoRowChangeEvent">
	<summary>
Row event argument class
</summary>
</member><member name="T:aplicacionEventos.ProduccionesYEventosDataSet.UsuariosRowChangeEvent">
	<summary>
Row event argument class
</summary>
</member><member name="T:aplicacionEventos.ProduccionesYEventosDataSet">
	<summary>
Represents a strongly typed in-memory cache of data.
</summary>
</member><member name="T:aplicacionEventos.ProduccionesYEventosDataSetTableAdapters.AvisoEventoTableAdapter">
	<summary>
Represents the connection and commands used to retrieve and save data.
</summary>
</member><member name="T:aplicacionEventos.ProduccionesYEventosDataSetTableAdapters.ClientesTableAdapter">
	<summary>
Represents the connection and commands used to retrieve and save data.
</summary>
</member><member name="T:aplicacionEventos.ProduccionesYEventosDataSetTableAdapters.EmpleadosTableAdapter">
	<summary>
Represents the connection and commands used to retrieve and save data.
</summary>
</member><member name="T:aplicacionEventos.ProduccionesYEventosDataSetTableAdapters.EquiposIluminacionSonidoTableAdapter">
	<summary>
Represents the connection and commands used to retrieve and save data.
</summary>
</member><member name="T:aplicacionEventos.ProduccionesYEventosDataSetTableAdapters.EstadisticaAnualTableAdapter">
	<summary>
Represents the connection and commands used to retrieve and save data.
</summary>
</member><member name="T:aplicacionEventos.ProduccionesYEventosDataSetTableAdapters.EstadisticaMesTableAdapter">
	<summary>
Represents the connection and commands used to retrieve and save data.
</summary>
</member><member name="T:aplicacionEventos.ProduccionesYEventosDataSetTableAdapters.EventosTableAdapter">
	<summary>
Represents the connection and commands used to retrieve and save data.
</summary>
</member><member name="T:aplicacionEventos.ProduccionesYEventosDataSetTableAdapters.EventosAdeudadosTableAdapter">
	<summary>
Represents the connection and commands used to retrieve and save data.
</summary>
</member><member name="T:aplicacionEventos.ProduccionesYEventosDataSetTableAdapters.EventosCobradosTableAdapter">
	<summary>
Represents the connection and commands used to retrieve and save data.
</summary>
</member><member name="T:aplicacionEventos.ProduccionesYEventosDataSetTableAdapters.ProductosTableAdapter">
	<summary>
Represents the connection and commands used to retrieve and save data.
</summary>
</member><member name="T:aplicacionEventos.ProduccionesYEventosDataSetTableAdapters.SalonAsociadoTableAdapter">
	<summary>
Represents the connection and commands used to retrieve and save data.
</summary>
</member><member name="T:aplicacionEventos.ProduccionesYEventosDataSetTableAdapters.UsuariosTableAdapter">
	<summary>
Represents the connection and commands used to retrieve and save data.
</summary>
</member><member name="M:aplicacionEventos.ProduccionesYEventosDataSetTableAdapters.TableAdapterManager.UpdateUpdatedRows(aplicacionEventos.ProduccionesYEventosDataSet,System.Collections.Generic.List{System.Data.DataRow},System.Collections.Generic.List{System.Data.DataRow})">
	<summary>
Update rows in top-down order.
</summary>
</member><member name="M:aplicacionEventos.ProduccionesYEventosDataSetTableAdapters.TableAdapterManager.UpdateInsertedRows(aplicacionEventos.ProduccionesYEventosDataSet,System.Collections.Generic.List{System.Data.DataRow})">
	<summary>
Insert rows in top-down order.
</summary>
</member><member name="M:aplicacionEventos.ProduccionesYEventosDataSetTableAdapters.TableAdapterManager.UpdateDeletedRows(aplicacionEventos.ProduccionesYEventosDataSet,System.Collections.Generic.List{System.Data.DataRow})">
	<summary>
Delete rows in bottom-up order.
</summary>
</member><member name="M:aplicacionEventos.ProduccionesYEventosDataSetTableAdapters.TableAdapterManager.GetRealUpdatedRows(System.Data.DataRow[],System.Collections.Generic.List{System.Data.DataRow})">
	<summary>
Remove inserted rows that become updated rows after calling TableAdapter.Update(inserted rows) first
</summary>
</member><member name="M:aplicacionEventos.ProduccionesYEventosDataSetTableAdapters.TableAdapterManager.UpdateAll(aplicacionEventos.ProduccionesYEventosDataSet)">
	<summary>
Update all changes to the dataset.
</summary>
</member><member name="T:aplicacionEventos.ProduccionesYEventosDataSetTableAdapters.TableAdapterManager.UpdateOrderOption">
	<summary>
Update Order Option
</summary>
</member><member name="T:aplicacionEventos.ProduccionesYEventosDataSetTableAdapters.TableAdapterManager.SelfReferenceComparer">
	<summary>
Used to sort self-referenced table's rows
</summary>
</member><member name="T:aplicacionEventos.ProduccionesYEventosDataSetTableAdapters.TableAdapterManager">
	<summary>
TableAdapterManager is used to coordinate TableAdapters in the dataset to enable Hierarchical Update scenarios
</summary>
</member><member name="T:aplicacionEventos.ProduccionesYEventosDataSet7.AvisoEventoDataTable">
	<summary>
Represents the strongly named DataTable class.
</summary>
</member><member name="T:aplicacionEventos.ProduccionesYEventosDataSet7.ClientesDataTable">
	<summary>
Represents the strongly named DataTable class.
</summary>
</member><member name="T:aplicacionEventos.ProduccionesYEventosDataSet7.EmpleadosDataTable">
	<summary>
Represents the strongly named DataTable class.
</summary>
</member><member name="T:aplicacionEventos.ProduccionesYEventosDataSet7.EquiposIluminacionSonidoDataTable">
	<summary>
Represents the strongly named DataTable class.
</summary>
</member><member name="T:aplicacionEventos.ProduccionesYEventosDataSet7.EstadisticaAnualDataTable">
	<summary>
Represents the strongly named DataTable class.
</summary>
</member><member name="T:aplicacionEventos.ProduccionesYEventosDataSet7.EstadisticaMesDataTable">
	<summary>
Represents the strongly named DataTable class.
</summary>
</member><member name="T:aplicacionEventos.ProduccionesYEventosDataSet7.EventosDataTable">
	<summary>
Represents the strongly named DataTable class.
</summary>
</member><member name="T:aplicacionEventos.ProduccionesYEventosDataSet7.EventosAdeudadosDataTable">
	<summary>
Represents the strongly named DataTable class.
</summary>
</member><member name="T:aplicacionEventos.ProduccionesYEventosDataSet7.EventosCobradosDataTable">
	<summary>
Represents the strongly named DataTable class.
</summary>
</member><member name="T:aplicacionEventos.ProduccionesYEventosDataSet7.ProductosDataTable">
	<summary>
Represents the strongly named DataTable class.
</summary>
</member><member name="T:aplicacionEventos.ProduccionesYEventosDataSet7.SalonAsociadoDataTable">
	<summary>
Represents the strongly named DataTable class.
</summary>
</member><member name="T:aplicacionEventos.ProduccionesYEventosDataSet7.UsuariosDataTable">
	<summary>
Represents the strongly named DataTable class.
</summary>
</member><member name="T:aplicacionEventos.ProduccionesYEventosDataSet7.Eventos_con_deudasDataTable">
	<summary>
Represents the strongly named DataTable class.
</summary>
</member><member name="T:aplicacionEventos.ProduccionesYEventosDataSet7.AvisoEventoRow">
	<summary>
Represents strongly named DataRow class.
</summary>
</member><member name="T:aplicacionEventos.ProduccionesYEventosDataSet7.ClientesRow">
	<summary>
Represents strongly named DataRow class.
</summary>
</member><member name="T:aplicacionEventos.ProduccionesYEventosDataSet7.EmpleadosRow">
	<summary>
Represents strongly named DataRow class.
</summary>
</member><member name="T:aplicacionEventos.ProduccionesYEventosDataSet7.EquiposIluminacionSonidoRow">
	<summary>
Represents strongly named DataRow class.
</summary>
</member><member name="T:aplicacionEventos.ProduccionesYEventosDataSet7.EstadisticaAnualRow">
	<summary>
Represents strongly named DataRow class.
</summary>
</member><member name="T:aplicacionEventos.ProduccionesYEventosDataSet7.EstadisticaMesRow">
	<summary>
Represents strongly named DataRow class.
</summary>
</member><member name="T:aplicacionEventos.ProduccionesYEventosDataSet7.EventosRow">
	<summary>
Represents strongly named DataRow class.
</summary>
</member><member name="T:aplicacionEventos.ProduccionesYEventosDataSet7.EventosAdeudadosRow">
	<summary>
Represents strongly named DataRow class.
</summary>
</member><member name="T:aplicacionEventos.ProduccionesYEventosDataSet7.EventosCobradosRow">
	<summary>
Represents strongly named DataRow class.
</summary>
</member><member name="T:aplicacionEventos.ProduccionesYEventosDataSet7.ProductosRow">
	<summary>
Represents strongly named DataRow class.
</summary>
</member><member name="T:aplicacionEventos.ProduccionesYEventosDataSet7.SalonAsociadoRow">
	<summary>
Represents strongly named DataRow class.
</summary>
</member><member name="T:aplicacionEventos.ProduccionesYEventosDataSet7.UsuariosRow">
	<summary>
Represents strongly named DataRow class.
</summary>
</member><member name="T:aplicacionEventos.ProduccionesYEventosDataSet7.Eventos_con_deudasRow">
	<summary>
Represents strongly named DataRow class.
</summary>
</member><member name="T:aplicacionEventos.ProduccionesYEventosDataSet7.AvisoEventoRowChangeEvent">
	<summary>
Row event argument class
</summary>
</member><member name="T:aplicacionEventos.ProduccionesYEventosDataSet7.ClientesRowChangeEvent">
	<summary>
Row event argument class
</summary>
</member><member name="T:aplicacionEventos.ProduccionesYEventosDataSet7.EmpleadosRowChangeEvent">
	<summary>
Row event argument class
</summary>
</member><member name="T:aplicacionEventos.ProduccionesYEventosDataSet7.EquiposIluminacionSonidoRowChangeEvent">
	<summary>
Row event argument class
</summary>
</member><member name="T:aplicacionEventos.ProduccionesYEventosDataSet7.EstadisticaAnualRowChangeEvent">
	<summary>
Row event argument class
</summary>
</member><member name="T:aplicacionEventos.ProduccionesYEventosDataSet7.EstadisticaMesRowChangeEvent">
	<summary>
Row event argument class
</summary>
</member><member name="T:aplicacionEventos.ProduccionesYEventosDataSet7.EventosRowChangeEvent">
	<summary>
Row event argument class
</summary>
</member><member name="T:aplicacionEventos.ProduccionesYEventosDataSet7.EventosAdeudadosRowChangeEvent">
	<summary>
Row event argument class
</summary>
</member><member name="T:aplicacionEventos.ProduccionesYEventosDataSet7.EventosCobradosRowChangeEvent">
	<summary>
Row event argument class
</summary>
</member><member name="T:aplicacionEventos.ProduccionesYEventosDataSet7.ProductosRowChangeEvent">
	<summary>
Row event argument class
</summary>
</member><member name="T:aplicacionEventos.ProduccionesYEventosDataSet7.SalonAsociadoRowChangeEvent">
	<summary>
Row event argument class
</summary>
</member><member name="T:aplicacionEventos.ProduccionesYEventosDataSet7.UsuariosRowChangeEvent">
	<summary>
Row event argument class
</summary>
</member><member name="T:aplicacionEventos.ProduccionesYEventosDataSet7.Eventos_con_deudasRowChangeEvent">
	<summary>
Row event argument class
</summary>
</member><member name="T:aplicacionEventos.ProduccionesYEventosDataSet7">
	<summary>
Represents a strongly typed in-memory cache of data.
</summary>
</member><member name="T:aplicacionEventos.ProduccionesYEventosDataSet7TableAdapters.AvisoEventoTableAdapter">
	<summary>
Represents the connection and commands used to retrieve and save data.
</summary>
</member><member name="T:aplicacionEventos.ProduccionesYEventosDataSet7TableAdapters.ClientesTableAdapter">
	<summary>
Represents the connection and commands used to retrieve and save data.
</summary>
</member><member name="T:aplicacionEventos.ProduccionesYEventosDataSet7TableAdapters.EmpleadosTableAdapter">
	<summary>
Represents the connection and commands used to retrieve and save data.
</summary>
</member><member name="T:aplicacionEventos.ProduccionesYEventosDataSet7TableAdapters.EquiposIluminacionSonidoTableAdapter">
	<summary>
Represents the connection and commands used to retrieve and save data.
</summary>
</member><member name="T:aplicacionEventos.ProduccionesYEventosDataSet7TableAdapters.EstadisticaAnualTableAdapter">
	<summary>
Represents the connection and commands used to retrieve and save data.
</summary>
</member><member name="T:aplicacionEventos.ProduccionesYEventosDataSet7TableAdapters.EstadisticaMesTableAdapter">
	<summary>
Represents the connection and commands used to retrieve and save data.
</summary>
</member><member name="T:aplicacionEventos.ProduccionesYEventosDataSet7TableAdapters.EventosTableAdapter">
	<summary>
Represents the connection and commands used to retrieve and save data.
</summary>
</member><member name="T:aplicacionEventos.ProduccionesYEventosDataSet7TableAdapters.EventosAdeudadosTableAdapter">
	<summary>
Represents the connection and commands used to retrieve and save data.
</summary>
</member><member name="T:aplicacionEventos.ProduccionesYEventosDataSet7TableAdapters.EventosCobradosTableAdapter">
	<summary>
Represents the connection and commands used to retrieve and save data.
</summary>
</member><member name="T:aplicacionEventos.ProduccionesYEventosDataSet7TableAdapters.ProductosTableAdapter">
	<summary>
Represents the connection and commands used to retrieve and save data.
</summary>
</member><member name="T:aplicacionEventos.ProduccionesYEventosDataSet7TableAdapters.SalonAsociadoTableAdapter">
	<summary>
Represents the connection and commands used to retrieve and save data.
</summary>
</member><member name="T:aplicacionEventos.ProduccionesYEventosDataSet7TableAdapters.UsuariosTableAdapter">
	<summary>
Represents the connection and commands used to retrieve and save data.
</summary>
</member><member name="T:aplicacionEventos.ProduccionesYEventosDataSet7TableAdapters.Eventos_con_deudasTableAdapter">
	<summary>
Represents the connection and commands used to retrieve and save data.
</summary>
</member><member name="M:aplicacionEventos.ProduccionesYEventosDataSet7TableAdapters.TableAdapterManager.UpdateUpdatedRows(aplicacionEventos.ProduccionesYEventosDataSet7,System.Collections.Generic.List{System.Data.DataRow},System.Collections.Generic.List{System.Data.DataRow})">
	<summary>
Update rows in top-down order.
</summary>
</member><member name="M:aplicacionEventos.ProduccionesYEventosDataSet7TableAdapters.TableAdapterManager.UpdateInsertedRows(aplicacionEventos.ProduccionesYEventosDataSet7,System.Collections.Generic.List{System.Data.DataRow})">
	<summary>
Insert rows in top-down order.
</summary>
</member><member name="M:aplicacionEventos.ProduccionesYEventosDataSet7TableAdapters.TableAdapterManager.UpdateDeletedRows(aplicacionEventos.ProduccionesYEventosDataSet7,System.Collections.Generic.List{System.Data.DataRow})">
	<summary>
Delete rows in bottom-up order.
</summary>
</member><member name="M:aplicacionEventos.ProduccionesYEventosDataSet7TableAdapters.TableAdapterManager.GetRealUpdatedRows(System.Data.DataRow[],System.Collections.Generic.List{System.Data.DataRow})">
	<summary>
Remove inserted rows that become updated rows after calling TableAdapter.Update(inserted rows) first
</summary>
</member><member name="M:aplicacionEventos.ProduccionesYEventosDataSet7TableAdapters.TableAdapterManager.UpdateAll(aplicacionEventos.ProduccionesYEventosDataSet7)">
	<summary>
Update all changes to the dataset.
</summary>
</member><member name="T:aplicacionEventos.ProduccionesYEventosDataSet7TableAdapters.TableAdapterManager.UpdateOrderOption">
	<summary>
Update Order Option
</summary>
</member><member name="T:aplicacionEventos.ProduccionesYEventosDataSet7TableAdapters.TableAdapterManager.SelfReferenceComparer">
	<summary>
Used to sort self-referenced table's rows
</summary>
</member><member name="T:aplicacionEventos.ProduccionesYEventosDataSet7TableAdapters.TableAdapterManager">
	<summary>
TableAdapterManager is used to coordinate TableAdapters in the dataset to enable Hierarchical Update scenarios
</summary>
</member><member name="P:aplicacionEventos.My.Resources.Resources.ResourceManager">
	<summary>
  Devuelve la instancia de ResourceManager almacenada en caché utilizada por esta clase.
</summary>
</member><member name="P:aplicacionEventos.My.Resources.Resources.Culture">
	<summary>
  Reemplaza la propiedad CurrentUICulture del subproceso actual para todas las
  búsquedas de recursos mediante esta clase de recurso fuertemente tipado.
</summary>
</member><member name="P:aplicacionEventos.My.Resources.Resources._478011">
	<summary>
  Busca un recurso adaptado de tipo System.Drawing.Bitmap.
</summary>
</member><member name="P:aplicacionEventos.My.Resources.Resources._609803">
	<summary>
  Busca un recurso adaptado de tipo System.Drawing.Bitmap.
</summary>
</member><member name="P:aplicacionEventos.My.Resources.Resources.adim__2_">
	<summary>
  Busca un recurso adaptado de tipo System.Drawing.Bitmap.
</summary>
</member><member name="P:aplicacionEventos.My.Resources.Resources.apply">
	<summary>
  Busca un recurso adaptado de tipo System.Drawing.Bitmap.
</summary>
</member><member name="P:aplicacionEventos.My.Resources.Resources.back">
	<summary>
  Busca un recurso adaptado de tipo System.Drawing.Bitmap.
</summary>
</member><member name="P:aplicacionEventos.My.Resources.Resources.calendar">
	<summary>
  Busca un recurso adaptado de tipo System.Drawing.Bitmap.
</summary>
</member><member name="P:aplicacionEventos.My.Resources.Resources.chart_35773_960_720">
	<summary>
  Busca un recurso adaptado de tipo System.Drawing.Bitmap.
</summary>
</member><member name="P:aplicacionEventos.My.Resources.Resources.crear_empleado">
	<summary>
  Busca un recurso adaptado de tipo System.Drawing.Bitmap.
</summary>
</member><member name="P:aplicacionEventos.My.Resources.Resources.delete__2_">
	<summary>
  Busca un recurso adaptado de tipo System.Drawing.Bitmap.
</summary>
</member><member name="P:aplicacionEventos.My.Resources.Resources.eliminar_empleado">
	<summary>
  Busca un recurso adaptado de tipo System.Drawing.Bitmap.
</summary>
</member><member name="P:aplicacionEventos.My.Resources.Resources.empleado">
	<summary>
  Busca un recurso adaptado de tipo System.Drawing.Bitmap.
</summary>
</member><member name="P:aplicacionEventos.My.Resources.Resources.entrevista_jorge_palacios_copy">
	<summary>
  Busca un recurso adaptado de tipo System.Drawing.Bitmap.
</summary>
</member><member name="P:aplicacionEventos.My.Resources.Resources.estadistica_foto">
	<summary>
  Busca un recurso adaptado de tipo System.Drawing.Bitmap.
</summary>
</member><member name="P:aplicacionEventos.My.Resources.Resources.evento">
	<summary>
  Busca un recurso adaptado de tipo System.Drawing.Bitmap.
</summary>
</member><member name="P:aplicacionEventos.My.Resources.Resources.evento1">
	<summary>
  Busca un recurso adaptado de tipo System.Drawing.Bitmap.
</summary>
</member><member name="P:aplicacionEventos.My.Resources.Resources.file_edit">
	<summary>
  Busca un recurso adaptado de tipo System.Drawing.Bitmap.
</summary>
</member><member name="P:aplicacionEventos.My.Resources.Resources.first">
	<summary>
  Busca un recurso adaptado de tipo System.Drawing.Bitmap.
</summary>
</member><member name="P:aplicacionEventos.My.Resources.Resources.forward">
	<summary>
  Busca un recurso adaptado de tipo System.Drawing.Bitmap.
</summary>
</member><member name="P:aplicacionEventos.My.Resources.Resources.home">
	<summary>
  Busca un recurso adaptado de tipo System.Drawing.Bitmap.
</summary>
</member><member name="P:aplicacionEventos.My.Resources.Resources.inbox">
	<summary>
  Busca un recurso adaptado de tipo System.Drawing.Bitmap.
</summary>
</member><member name="P:aplicacionEventos.My.Resources.Resources.last">
	<summary>
  Busca un recurso adaptado de tipo System.Drawing.Bitmap.
</summary>
</member><member name="P:aplicacionEventos.My.Resources.Resources.password">
	<summary>
  Busca un recurso adaptado de tipo System.Drawing.Bitmap.
</summary>
</member><member name="P:aplicacionEventos.My.Resources.Resources.producto">
	<summary>
  Busca un recurso adaptado de tipo System.Drawing.Bitmap.
</summary>
</member><member name="P:aplicacionEventos.My.Resources.Resources.salon">
	<summary>
  Busca un recurso adaptado de tipo System.Drawing.Bitmap.
</summary>
</member><member name="P:aplicacionEventos.My.Resources.Resources.user_add">
	<summary>
  Busca un recurso adaptado de tipo System.Drawing.Bitmap.
</summary>
</member><member name="P:aplicacionEventos.My.Resources.Resources.usuario">
	<summary>
  Busca un recurso adaptado de tipo System.Drawing.Bitmap.
</summary>
</member><member name="P:aplicacionEventos.My.Resources.Resources.xmag">
	<summary>
  Busca un recurso adaptado de tipo System.Drawing.Bitmap.
</summary>
</member><member name="T:aplicacionEventos.My.Resources.Resources">
	<summary>
  Clase de recurso fuertemente tipado, para buscar cadenas traducidas, etc.
</summary>
</member><member name="T:aplicacionEventos.ProduccionesYEventosDataSet1.AvisoEventoDataTable">
	<summary>
Represents the strongly named DataTable class.
</summary>
</member><member name="T:aplicacionEventos.ProduccionesYEventosDataSet1.ClientesDataTable">
	<summary>
Represents the strongly named DataTable class.
</summary>
</member><member name="T:aplicacionEventos.ProduccionesYEventosDataSet1.EmpleadosDataTable">
	<summary>
Represents the strongly named DataTable class.
</summary>
</member><member name="T:aplicacionEventos.ProduccionesYEventosDataSet1.EquiposIluminacionSonidoDataTable">
	<summary>
Represents the strongly named DataTable class.
</summary>
</member><member name="T:aplicacionEventos.ProduccionesYEventosDataSet1.EstadisticaAnualDataTable">
	<summary>
Represents the strongly named DataTable class.
</summary>
</member><member name="T:aplicacionEventos.ProduccionesYEventosDataSet1.EstadisticaMesDataTable">
	<summary>
Represents the strongly named DataTable class.
</summary>
</member><member name="T:aplicacionEventos.ProduccionesYEventosDataSet1.EventosDataTable">
	<summary>
Represents the strongly named DataTable class.
</summary>
</member><member name="T:aplicacionEventos.ProduccionesYEventosDataSet1.EventosAdeudadosDataTable">
	<summary>
Represents the strongly named DataTable class.
</summary>
</member><member name="T:aplicacionEventos.ProduccionesYEventosDataSet1.EventosCobradosDataTable">
	<summary>
Represents the strongly named DataTable class.
</summary>
</member><member name="T:aplicacionEventos.ProduccionesYEventosDataSet1.ProductosDataTable">
	<summary>
Represents the strongly named DataTable class.
</summary>
</member><member name="T:aplicacionEventos.ProduccionesYEventosDataSet1.SalonAsociadoDataTable">
	<summary>
Represents the strongly named DataTable class.
</summary>
</member><member name="T:aplicacionEventos.ProduccionesYEventosDataSet1.UsuariosDataTable">
	<summary>
Represents the strongly named DataTable class.
</summary>
</member><member name="T:aplicacionEventos.ProduccionesYEventosDataSet1.Eventos_con_deudasDataTable">
	<summary>
Represents the strongly named DataTable class.
</summary>
</member><member name="T:aplicacionEventos.ProduccionesYEventosDataSet1.AvisoEventoRow">
	<summary>
Represents strongly named DataRow class.
</summary>
</member><member name="T:aplicacionEventos.ProduccionesYEventosDataSet1.ClientesRow">
	<summary>
Represents strongly named DataRow class.
</summary>
</member><member name="T:aplicacionEventos.ProduccionesYEventosDataSet1.EmpleadosRow">
	<summary>
Represents strongly named DataRow class.
</summary>
</member><member name="T:aplicacionEventos.ProduccionesYEventosDataSet1.EquiposIluminacionSonidoRow">
	<summary>
Represents strongly named DataRow class.
</summary>
</member><member name="T:aplicacionEventos.ProduccionesYEventosDataSet1.EstadisticaAnualRow">
	<summary>
Represents strongly named DataRow class.
</summary>
</member><member name="T:aplicacionEventos.ProduccionesYEventosDataSet1.EstadisticaMesRow">
	<summary>
Represents strongly named DataRow class.
</summary>
</member><member name="T:aplicacionEventos.ProduccionesYEventosDataSet1.EventosRow">
	<summary>
Represents strongly named DataRow class.
</summary>
</member><member name="T:aplicacionEventos.ProduccionesYEventosDataSet1.EventosAdeudadosRow">
	<summary>
Represents strongly named DataRow class.
</summary>
</member><member name="T:aplicacionEventos.ProduccionesYEventosDataSet1.EventosCobradosRow">
	<summary>
Represents strongly named DataRow class.
</summary>
</member><member name="T:aplicacionEventos.ProduccionesYEventosDataSet1.ProductosRow">
	<summary>
Represents strongly named DataRow class.
</summary>
</member><member name="T:aplicacionEventos.ProduccionesYEventosDataSet1.SalonAsociadoRow">
	<summary>
Represents strongly named DataRow class.
</summary>
</member><member name="T:aplicacionEventos.ProduccionesYEventosDataSet1.UsuariosRow">
	<summary>
Represents strongly named DataRow class.
</summary>
</member><member name="T:aplicacionEventos.ProduccionesYEventosDataSet1.Eventos_con_deudasRow">
	<summary>
Represents strongly named DataRow class.
</summary>
</member><member name="T:aplicacionEventos.ProduccionesYEventosDataSet1.AvisoEventoRowChangeEvent">
	<summary>
Row event argument class
</summary>
</member><member name="T:aplicacionEventos.ProduccionesYEventosDataSet1.ClientesRowChangeEvent">
	<summary>
Row event argument class
</summary>
</member><member name="T:aplicacionEventos.ProduccionesYEventosDataSet1.EmpleadosRowChangeEvent">
	<summary>
Row event argument class
</summary>
</member><member name="T:aplicacionEventos.ProduccionesYEventosDataSet1.EquiposIluminacionSonidoRowChangeEvent">
	<summary>
Row event argument class
</summary>
</member><member name="T:aplicacionEventos.ProduccionesYEventosDataSet1.EstadisticaAnualRowChangeEvent">
	<summary>
Row event argument class
</summary>
</member><member name="T:aplicacionEventos.ProduccionesYEventosDataSet1.EstadisticaMesRowChangeEvent">
	<summary>
Row event argument class
</summary>
</member><member name="T:aplicacionEventos.ProduccionesYEventosDataSet1.EventosRowChangeEvent">
	<summary>
Row event argument class
</summary>
</member><member name="T:aplicacionEventos.ProduccionesYEventosDataSet1.EventosAdeudadosRowChangeEvent">
	<summary>
Row event argument class
</summary>
</member><member name="T:aplicacionEventos.ProduccionesYEventosDataSet1.EventosCobradosRowChangeEvent">
	<summary>
Row event argument class
</summary>
</member><member name="T:aplicacionEventos.ProduccionesYEventosDataSet1.ProductosRowChangeEvent">
	<summary>
Row event argument class
</summary>
</member><member name="T:aplicacionEventos.ProduccionesYEventosDataSet1.SalonAsociadoRowChangeEvent">
	<summary>
Row event argument class
</summary>
</member><member name="T:aplicacionEventos.ProduccionesYEventosDataSet1.UsuariosRowChangeEvent">
	<summary>
Row event argument class
</summary>
</member><member name="T:aplicacionEventos.ProduccionesYEventosDataSet1.Eventos_con_deudasRowChangeEvent">
	<summary>
Row event argument class
</summary>
</member><member name="T:aplicacionEventos.ProduccionesYEventosDataSet1">
	<summary>
Represents a strongly typed in-memory cache of data.
</summary>
</member><member name="T:aplicacionEventos.ProduccionesYEventosDataSet1TableAdapters.AvisoEventoTableAdapter">
	<summary>
Represents the connection and commands used to retrieve and save data.
</summary>
</member><member name="T:aplicacionEventos.ProduccionesYEventosDataSet1TableAdapters.ClientesTableAdapter">
	<summary>
Represents the connection and commands used to retrieve and save data.
</summary>
</member><member name="T:aplicacionEventos.ProduccionesYEventosDataSet1TableAdapters.EmpleadosTableAdapter">
	<summary>
Represents the connection and commands used to retrieve and save data.
</summary>
</member><member name="T:aplicacionEventos.ProduccionesYEventosDataSet1TableAdapters.EquiposIluminacionSonidoTableAdapter">
	<summary>
Represents the connection and commands used to retrieve and save data.
</summary>
</member><member name="T:aplicacionEventos.ProduccionesYEventosDataSet1TableAdapters.EstadisticaAnualTableAdapter">
	<summary>
Represents the connection and commands used to retrieve and save data.
</summary>
</member><member name="T:aplicacionEventos.ProduccionesYEventosDataSet1TableAdapters.EstadisticaMesTableAdapter">
	<summary>
Represents the connection and commands used to retrieve and save data.
</summary>
</member><member name="T:aplicacionEventos.ProduccionesYEventosDataSet1TableAdapters.EventosTableAdapter">
	<summary>
Represents the connection and commands used to retrieve and save data.
</summary>
</member><member name="T:aplicacionEventos.ProduccionesYEventosDataSet1TableAdapters.EventosAdeudadosTableAdapter">
	<summary>
Represents the connection and commands used to retrieve and save data.
</summary>
</member><member name="T:aplicacionEventos.ProduccionesYEventosDataSet1TableAdapters.EventosCobradosTableAdapter">
	<summary>
Represents the connection and commands used to retrieve and save data.
</summary>
</member><member name="T:aplicacionEventos.ProduccionesYEventosDataSet1TableAdapters.ProductosTableAdapter">
	<summary>
Represents the connection and commands used to retrieve and save data.
</summary>
</member><member name="T:aplicacionEventos.ProduccionesYEventosDataSet1TableAdapters.SalonAsociadoTableAdapter">
	<summary>
Represents the connection and commands used to retrieve and save data.
</summary>
</member><member name="T:aplicacionEventos.ProduccionesYEventosDataSet1TableAdapters.UsuariosTableAdapter">
	<summary>
Represents the connection and commands used to retrieve and save data.
</summary>
</member><member name="T:aplicacionEventos.ProduccionesYEventosDataSet1TableAdapters.Eventos_con_deudasTableAdapter">
	<summary>
Represents the connection and commands used to retrieve and save data.
</summary>
</member><member name="M:aplicacionEventos.ProduccionesYEventosDataSet1TableAdapters.TableAdapterManager.UpdateUpdatedRows(aplicacionEventos.ProduccionesYEventosDataSet1,System.Collections.Generic.List{System.Data.DataRow},System.Collections.Generic.List{System.Data.DataRow})">
	<summary>
Update rows in top-down order.
</summary>
</member><member name="M:aplicacionEventos.ProduccionesYEventosDataSet1TableAdapters.TableAdapterManager.UpdateInsertedRows(aplicacionEventos.ProduccionesYEventosDataSet1,System.Collections.Generic.List{System.Data.DataRow})">
	<summary>
Insert rows in top-down order.
</summary>
</member><member name="M:aplicacionEventos.ProduccionesYEventosDataSet1TableAdapters.TableAdapterManager.UpdateDeletedRows(aplicacionEventos.ProduccionesYEventosDataSet1,System.Collections.Generic.List{System.Data.DataRow})">
	<summary>
Delete rows in bottom-up order.
</summary>
</member><member name="M:aplicacionEventos.ProduccionesYEventosDataSet1TableAdapters.TableAdapterManager.GetRealUpdatedRows(System.Data.DataRow[],System.Collections.Generic.List{System.Data.DataRow})">
	<summary>
Remove inserted rows that become updated rows after calling TableAdapter.Update(inserted rows) first
</summary>
</member><member name="M:aplicacionEventos.ProduccionesYEventosDataSet1TableAdapters.TableAdapterManager.UpdateAll(aplicacionEventos.ProduccionesYEventosDataSet1)">
	<summary>
Update all changes to the dataset.
</summary>
</member><member name="T:aplicacionEventos.ProduccionesYEventosDataSet1TableAdapters.TableAdapterManager.UpdateOrderOption">
	<summary>
Update Order Option
</summary>
</member><member name="T:aplicacionEventos.ProduccionesYEventosDataSet1TableAdapters.TableAdapterManager.SelfReferenceComparer">
	<summary>
Used to sort self-referenced table's rows
</summary>
</member><member name="T:aplicacionEventos.ProduccionesYEventosDataSet1TableAdapters.TableAdapterManager">
	<summary>
TableAdapterManager is used to coordinate TableAdapters in the dataset to enable Hierarchical Update scenarios
</summary>
</member>
</members>
</doc>